datetime,equity,equity_curve,market_curve,position,close
2024-04-29,100000.0,1.0,1.0,0,63866.0
2024-04-30,94903.90505120096,0.9490390505120095,0.9499890395515611,1,60672.0
2024-05-01,91295.21972567563,0.9129521972567564,0.9138660633200765,1,58364.97
2024-05-02,92383.34855791814,0.9238334855791814,0.9247582438230044,1,59060.61
2024-05-03,92290.94958287665,0.9229094958287665,0.9845928976294117,0,62882.01
2024-05-04,92290.94958287665,0.9229094958287665,1.000407728681928,0,63892.04
2024-05-05,92290.94958287665,0.9229094958287665,1.002286036388689,0,64012.0
2024-05-06,92290.94958287665,0.9229094958287665,0.989026868756459,0,63165.19
2024-05-07,92290.94958287665,0.9229094958287665,0.9756690570882788,0,62312.08
2024-05-08,90542.89616292485,0.9054289616292485,0.9581472144803183,1,61193.03
2024-05-09,90452.35326676193,0.9045235326676193,0.9875991920583724,0,63074.01
2024-05-10,87104.0788902162,0.871040788902162,0.9519930792597002,1,60799.99
2024-05-11,87141.32735113117,0.8714132735113117,0.9524001816302886,1,60825.99
2024-05-12,87054.18602378004,0.8705418602378004,0.9627030031628725,0,61483.99
2024-05-13,87054.18602378004,0.8705418602378004,0.9855021451163376,0,62940.08
2024-05-14,85084.36659477478,0.8508436659477477,0.9641670059186424,1,61577.49
2024-05-15,84999.28222818,0.8499928222818001,1.0366470422447,0,66206.5
2024-05-16,84999.28222818,0.8499928222818001,1.0214387937243605,0,65235.21
2024-05-17,84999.28222818,0.8499928222818001,1.049447280243009,0,67024.0
2024-05-18,84999.28222818,0.8499928222818001,1.0477437133999314,0,66915.2
2024-05-19,84999.28222818,0.8499928222818001,1.0377040992077164,0,66274.01
2024-05-20,84999.28222818,0.8499928222818001,1.1186957066357688,0,71446.62
2024-05-21,84999.28222818,0.8499928222818001,1.0983675194939406,0,70148.34
2024-05-22,84999.28222818,0.8499928222818001,1.0829959602918613,0,69166.62
2024-05-23,83444.79015798826,0.8344479015798826,1.0642540631948143,1,67969.65
2024-05-24,83361.35763232558,0.8336135763232558,1.0733409012620176,0,68549.99
2024-05-25,84177.6903298071,0.841776903298071,1.0849367425547243,1,69290.57
2024-05-26,84093.50050311981,0.8409350050311981,1.0726782638649675,0,68507.67
2024-05-27,84093.50050311981,0.8409350050311981,1.087220586853725,0,69436.43
2024-05-28,84093.50050311981,0.8409350050311981,1.0709671812858175,0,68398.39
2024-05-29,84093.50050311981,0.8409350050311981,1.0592869445401312,0,67652.42
2024-05-30,84093.50050311981,0.8409350050311981,1.0702434785331791,0,68352.17
2024-05-31,84093.50050311981,0.8409350050311981,1.0575268530986754,0,67540.01
2024-06-01,84093.50050311981,0.8409350050311981,1.0610786647042247,0,67766.85
2024-06-02,84093.50050311981,0.8409350050311981,1.061059562208374,0,67765.63
2024-06-03,84093.50050311981,0.8409350050311981,1.077410515767388,0,68809.9
2024-06-04,84093.50050311981,0.8409350050311981,1.104466226161025,0,70537.84
2024-06-05,84093.50050311981,0.8409350050311981,1.1133936679923593,0,71108.0
2024-06-06,84093.50050311981,0.8409350050311981,1.1085563523627597,0,70799.06
2024-06-07,84093.50050311981,0.8409350050311981,1.0859549682146998,0,69355.6
2024-06-08,84093.50050311981,0.8409350050311981,1.0852481758682244,0,69310.46
2024-06-09,84093.50050311981,0.8409350050311981,1.0905354961951588,0,69648.14
2024-06-10,84093.50050311981,0.8409350050311981,1.0888422634891806,0,69540.0
2024-06-11,84093.50050311981,0.8409350050311981,1.0539917953214544,0,67314.24
2024-06-12,84093.50050311981,0.8409350050311981,1.0688627751855448,0,68263.99
2024-06-13,84093.50050311981,0.8409350050311981,1.045517333166317,0,66773.01
2024-06-14,84093.50050311981,0.8409350050311981,1.0341024958506877,0,66043.99
2024-06-15,84243.78977286273,0.8424378977286273,1.0369875990354807,1,66228.25
2024-06-16,84159.54598308986,0.8415954598308986,1.044011993862149,0,66676.87
2024-06-17,83857.83680411575,0.8385783680411575,1.0413103998997904,1,66504.33
2024-06-18,83773.97896731163,0.8377397896731164,1.0205010490714936,0,65175.32
2024-06-19,83432.16948207589,0.8343216948207589,1.0173546174803496,1,64974.37
2024-06-20,83348.7373125938,0.833487373125938,1.0157202580402718,0,64869.99
2024-06-21,83348.7373125938,0.833487373125938,1.004345974383866,0,64143.56
2024-06-22,83348.7373125938,0.833487373125938,1.0062006388375662,0,64262.01
2024-06-23,83348.7373125938,0.833487373125938,0.9897286506122194,0,63210.01
2024-06-24,83348.7373125938,0.833487373125938,0.944059436946106,0,60293.3
2024-06-25,83348.7373125938,0.833487373125938,0.9677451226004447,0,61806.01
2024-06-26,83348.7373125938,0.833487373125938,0.953010835186171,0,60864.99
2024-06-27,83348.7373125938,0.833487373125938,0.9661865468324304,0,61706.47
2024-06-28,83348.7373125938,0.833487373125938,0.9461660351360661,0,60427.84
2024-06-29,83348.7373125938,0.833487373125938,0.9549162308583597,0,60986.68
2024-06-30,83348.7373125938,0.833487373125938,0.9828705414461529,0,62772.01
2024-07-01,83435.15061460198,0.8343515061460198,0.9848744245764569,1,62899.99
2024-07-02,83351.72871545459,0.8335172871545459,0.9729037359471393,0,62135.47
2024-07-03,83351.72871545459,0.8335172871545459,0.9427329095293271,0,60208.58
2024-07-04,83351.72871545459,0.8335172871545459,0.8932767043497324,0,57050.01
2024-07-05,83351.72871545459,0.8335172871545459,0.8866813327905303,0,56628.79
2024-07-06,83351.72871545459,0.8335172871545459,0.911754767795071,0,58230.13
2024-07-07,83351.72871545459,0.8335172871545459,0.8746094948799049,0,55857.81
2024-07-08,83351.72871545459,0.8335172871545459,0.8880252403469767,0,56714.62
2024-07-09,83351.72871545459,0.8335172871545459,0.9089343312560676,0,58050.0
2024-07-10,83351.72871545459,0.8335172871545459,0.9038588607396739,0,57725.85
2024-07-11,83351.72871545459,0.8335172871545459,0.8978155826261237,0,57339.89
2024-07-12,83351.72871545459,0.8335172871545459,0.9064149938934647,0,57889.1
2024-07-13,83351.72871545459,0.8335172871545459,0.9270037265524694,0,59204.02
2024-07-14,83351.72871545459,0.8335172871545459,0.9519605110700532,0,60797.91
2024-07-15,83351.72871545459,0.8335172871545459,1.013436570319106,0,64724.14
2024-07-16,83351.72871545459,0.8335172871545459,1.0184447123665177,0,65043.99
2024-07-17,82044.50697439224,0.8204450697439224,1.003475871355651,1,64087.99
2024-07-18,81962.46246741785,0.8196246246741785,1.0019089969623902,0,63987.92
2024-07-19,81962.46246741785,0.8196246246741785,1.0437478470547712,0,66660.0
2024-07-20,82470.03705988602,0.8247003705988601,1.0512629568158336,1,67139.96
2024-07-21,83729.54222790316,0.8372954222790316,1.0673181348448317,1,68165.34
2024-07-22,82951.60389473857,0.8295160389473857,1.0574015908308023,1,67532.01
2024-07-23,80991.18897719054,0.8099118897719054,1.032411768390067,1,65936.01
2024-07-24,80910.18551719518,0.8091018551719518,1.0236432530610973,0,65376.0
2024-07-25,80910.18551719518,0.8091018551719518,1.030281370369211,0,65799.95
2024-07-26,80910.18551719518,0.8091018551719518,1.063288604265181,0,67907.99
2024-07-27,80910.18551719518,0.8091018551719518,1.0631086963329477,0,67896.5
2024-07-28,80910.18551719518,0.8091018551719518,1.0686418438605838,0,68249.88
2024-07-29,80910.18551719518,0.8091018551719518,1.0457002160774127,0,66784.69
2024-07-30,80910.18551719518,0.8091018551719518,1.0363573732502434,0,66188.0
2024-07-31,80910.18551719518,0.8091018551719518,1.0119312310149382,0,64628.0
2024-08-01,81737.28506590238,0.8173728506590239,1.0232990949801153,1,65354.02
2024-08-02,81655.54778083648,0.8165554778083648,0.9629275357780359,0,61498.33
2024-08-03,81655.54778083648,0.8165554778083648,0.9503959853443152,0,60697.99
2024-08-04,81655.54778083648,0.8165554778083648,0.9106723452228108,0,58161.0
2024-08-05,81655.54778083648,0.8165554778083648,0.8458148310525166,0,54018.81
2024-08-06,81655.54778083648,0.8165554778083648,0.877180502928006,0,56022.01
2024-08-07,81655.54778083648,0.8165554778083648,0.8632787398615857,0,55134.16
2024-08-08,81655.54778083648,0.8165554778083648,0.9658658754266749,0,61685.99
2024-08-09,81655.54778083648,0.8165554778083648,0.9525880750320987,0,60837.99
2024-08-10,81655.54778083648,0.8165554778083648,0.9539271286756651,0,60923.51
2024-08-11,81655.54778083648,0.8165554778083648,0.9193090220148439,0,58712.59
2024-08-12,81655.54778083648,0.8165554778083648,0.9292368396329819,0,59346.64
2024-08-13,81655.54778083648,0.8165554778083648,0.9486604766229297,0,60587.15
2024-08-14,81655.54778083648,0.8165554778083648,0.9188518147371062,0,58683.39
2024-08-15,81655.54778083648,0.8165554778083648,0.9009654589296343,0,57541.06
2024-08-16,83464.4184571581,0.834644184571581,0.9218457395171145,1,58874.6
2024-08-17,83380.93987623461,0.833809398762346,0.9315126984624061,0,59491.99
2024-08-18,83380.93987623461,0.833809398762346,0.9148427958538194,0,58427.35
2024-08-19,83380.93987623461,0.833809398762346,0.930675163623838,0,59438.5
2024-08-20,83380.93987623461,0.833809398762346,0.924025302978111,0,59013.8
2024-08-21,86321.30134373147,0.8632130134373146,0.9575678764914045,1,61156.03
2024-08-22,85220.06870820287,0.8522006870820288,0.9453518303948899,1,60375.84
2024-08-23,85134.83453868073,0.8513483453868074,1.00268123884383,0,64037.24
2024-08-24,85134.83453868073,0.8513483453868074,1.004556571571729,0,64157.01
2024-08-25,85134.83453868073,0.8513483453868074,1.005542855353397,0,64220.0
2024-08-26,85134.83453868073,0.8513483453868074,0.9838411674443374,0,62834.0
2024-08-27,85134.83453868073,0.8513483453868074,0.9303072057119601,0,59415.0
2024-08-28,85134.83453868073,0.8513483453868074,0.9243556822096272,0,59034.9
2024-08-29,85134.83453868073,0.8513483453868074,0.9294305264146815,0,59359.01
2024-08-30,84712.97688321395,0.8471297688321395,0.9257506341402318,1,59123.99
2024-08-31,84628.26390633074,0.8462826390633075,0.9234019666176064,0,58973.99
2024-09-01,84628.26390633074,0.8462826390633075,0.8972201171202213,0,57301.86
2024-09-02,87244.16808556653,0.8724416808556653,0.925878088497793,1,59132.13
2024-09-03,87156.90917812964,0.8715690917812965,0.900130429336424,0,57487.73
2024-09-04,87801.53649818487,0.8780153649818487,0.9076958005824702,1,57970.9
2024-09-05,85089.0760789987,0.8508907607899869,0.8796542761406702,1,56180.0
2024-09-06,85003.9870029197,0.850039870029197,0.8449405004227608,0,53962.97
2024-09-07,85003.9870029197,0.850039870029197,0.8480390191964432,0,54160.86
2024-09-08,85003.9870029197,0.850039870029197,0.8591417968872334,0,54869.95
2024-09-09,85003.9870029197,0.850039870029197,0.8931512855040249,0,57042.0
2024-09-10,85803.24669336774,0.8580324669336774,0.902451852315787,1,57635.99
2024-09-11,85717.44344667437,0.8571744344667437,0.8977859894153393,0,57338.0
2024-09-12,85717.44344667437,0.8571744344667437,0.9102232799924852,0,58132.32
2024-09-13,85717.44344667437,0.8571744344667437,0.9472645852253165,0,60498.0
2024-09-14,85717.44344667437,0.8571744344667437,0.9393578742993152,0,59993.03
2024-09-15,85717.44344667437,0.8571744344667437,0.9258760529859402,0,59132.0
2024-09-16,85717.44344667437,0.8571744344667437,0.9115020511696373,0,58213.99
2024-09-17,85717.44344667437,0.8571744344667437,0.9443833964863942,0,60313.99
2024-09-18,87684.70700814326,0.8768470700814326,0.9670245514045039,1,61759.99
2024-09-19,87597.00811767715,0.8759700811767714,0.985625998183698,0,62947.99
2024-09-20,87597.00811767715,0.8759700811767714,0.9895883568722023,0,63201.05
2024-09-21,87714.21019117623,0.8771421019117623,0.9919042996273458,1,63348.96
2024-09-22,88032.39576994393,0.8803239576994394,0.9955024582720081,1,63578.76
2024-09-23,87701.79015357158,0.8770179015357158,0.9917638493094928,1,63339.99
2024-09-24,87614.088363418,0.8761408836341801,1.0062114427081712,0,64262.7
2024-09-25,87614.088363418,0.8761408836341801,0.9888204991701385,0,63152.01
2024-09-26,87614.088363418,0.8761408836341801,1.0204802242194604,0,65173.99
2024-09-27,87614.088363418,0.8761408836341801,1.0298116368646861,0,65769.95
2024-09-28,87643.65098052447,0.8764365098052447,1.0311903047004674,1,65858.0
2024-09-29,87302.98017037984,0.8730298017037984,1.0271820687063546,1,65602.01
2024-09-30,84276.18809252864,0.8427618809252864,0.9915696927942887,1,63327.59
2024-10-01,80920.17006162585,0.8092017006162585,0.952083737826074,1,60805.78
2024-10-02,80711.9002784795,0.807119002784795,0.9496332947108014,1,60649.28
2024-10-03,80631.17508353564,0.8063117508353563,0.9512527792565691,0,60752.71
2024-10-04,80631.17508353564,0.8063117508353563,0.9721291453981781,0,62086.0
2024-10-05,80514.21663290792,0.8051421663290792,0.9716907274606214,1,62058.0
2024-10-06,81502.7207225463,0.8150272072254631,0.9836205492750453,1,62819.91
2024-10-07,81421.21800182376,0.8142121800182376,0.9742899195189935,0,62224.0
2024-10-08,81421.21800182376,0.8142121800182376,0.9732954936899139,0,62160.49
2024-10-09,81421.21800182376,0.8142121800182376,0.9494256725018012,0,60636.02
2024-10-10,81421.21800182376,0.8142121800182376,0.9445775530015977,0,60326.39
2024-10-11,81421.21800182376,0.8142121800182376,0.9792377790999912,0,62540.0
2024-10-12,81421.21800182376,0.8142121800182376,0.989669307612815,0,63206.22
2024-10-13,80907.12973380662,0.8090712973380663,0.9844051608054369,1,62870.02
2024-10-14,80826.22260407281,0.8082622260407282,1.0347288071900549,0,66083.99
2024-10-15,80826.22260407281,0.8082622260407282,1.0502323615069056,0,67074.14
2024-10-16,80826.22260407281,0.8082622260407282,1.0587794757774094,0,67620.01
2024-10-17,80826.22260407281,0.8082622260407282,1.0556756333573425,0,67421.78
2024-10-18,81950.46146202523,0.8195046146202523,1.071430808254784,1,68428.0
2024-10-19,81868.49903638026,0.8186849903638026,1.0706479190805755,0,68378.0
2024-10-20,81868.49903638026,0.8186849903638026,1.080887952901388,0,69031.99
2024-10-21,81868.49903638026,0.8186849903638026,1.0549823067046633,0,67377.5
2024-10-22,81868.49903638026,0.8186849903638026,1.0557417092036456,0,67426.0
2024-10-23,81868.49903638026,0.8186849903638026,1.0438832868819095,0,66668.65
2024-10-24,81868.49903638026,0.8186849903638026,1.0678339022328003,0,68198.28
2024-10-25,81868.49903638026,0.8186849903638026,1.0443480098957196,0,66698.33
2024-10-26,81868.49903638026,0.8186849903638026,1.0505239094353807,0,67092.76
2024-10-27,81868.49903638026,0.8186849903638026,1.0650690508251657,0,68021.7
2024-10-28,81868.49903638026,0.8186849903638026,1.0954531362540325,0,69962.21
2024-10-29,85029.71402917475,0.8502971402917475,1.1388911157736517,1,72736.42
2024-10-30,84944.67263672034,0.8494467263672034,1.132758275138572,0,72344.74
2024-10-31,82451.88277862105,0.8245188277862104,1.1006170732471117,1,70292.01
2024-11-01,82369.43089584242,0.8236943089584242,1.0881534775937123,0,69496.01
2024-11-02,82369.43089584242,0.8236943089584242,1.0862546581905872,0,69374.74
2024-11-03,82369.43089584242,0.8236943089584242,1.0768795603294405,0,68775.99
2024-11-04,81179.17231387348,0.8117917231387348,1.0623807659787685,1,67850.01
2024-11-05,81097.99314155961,0.8109799314155961,1.0862119124416751,0,69372.01
2024-11-06,81097.99314155961,0.8109799314155961,1.1832898568878596,0,75571.99
2024-11-07,81323.39402879597,0.8132339402879597,1.1877664171859836,1,75857.89
2024-11-08,81242.07063476718,0.8124207063476718,1.1979735696614793,0,76509.78
2024-11-09,81338.70187305624,0.8133870187305624,1.200599066796105,1,76677.46
2024-11-10,85255.72290637364,0.8525572290637364,1.258416215200577,1,80370.01
2024-11-11,85170.46718346728,0.8517046718346728,1.3880310337268666,0,88647.99
2024-11-12,85170.46718346728,0.8517046718346728,1.377133529577554,0,87952.01
2024-11-13,85170.46718346728,0.8517046718346728,1.41507531393856,0,90375.2
2024-11-14,85170.46718346728,0.8517046718346728,1.3673251808474,0,87325.59
2024-11-15,85170.46718346728,0.8517046718346728,1.4253604421758066,0,91032.07
2024-11-16,84669.21734419628,0.8466921734419628,1.4183903798578281,1,90586.92
2024-11-17,83986.03625101646,0.8398603625101646,1.4069456361757438,1,89855.99
2024-11-18,84554.40201921822,0.8455440201921822,1.4164669777346326,1,90464.08
2024-11-19,84469.83827980813,0.8446983827980813,1.445382363072684,0,92310.79
2024-11-20,86191.49768699076,0.8619149768699076,1.4763185419472027,1,94286.56
2024-11-21,86105.30618930377,0.8610530618930377,1.5394281777471588,0,98317.12
2024-11-22,86105.30618930377,0.8610530618930377,1.5484295243165387,0,98892.0
2024-11-23,84958.35655397715,0.8495835655397715,1.529333291579245,1,97672.4
2024-11-24,85156.36459192797,0.8515636459192797,1.5328976294115813,1,97900.04
2024-11-25,80902.8711557101,0.8090287115571011,1.4563305984404855,1,93010.01
2024-11-26,80821.9682845544,0.808219682845544,1.4399705633670505,0,91965.16
2024-11-27,84163.3656793798,0.841633656793798,1.501003820499171,1,95863.11
2024-11-28,84079.20231370041,0.8407920231370042,1.4975727304042847,0,95643.98
2024-11-29,85589.9539368417,0.855899539368417,1.5260075783672071,1,97460.0
2024-11-30,85504.36398290486,0.8550436398290486,1.5095354335640254,0,96407.99
2024-12-01,86107.46108760964,0.8610746108760964,1.5217045063100871,1,97185.18
2024-12-02,84916.16167467492,0.8491616167467492,1.5006516769486116,1,95840.62
2024-12-03,84831.2366617172,0.8483123666171719,1.5007936930448131,0,95849.69
2024-12-04,84831.2366617172,0.8483123666171719,1.5436589108445817,0,98587.32
2024-12-05,84831.2366617172,0.8483123666171719,1.5179536842764547,0,96945.63
2024-12-06,87189.87812112407,0.8718987812112408,1.5617204772492412,1,99740.84
2024-12-07,87102.68824300295,0.8710268824300295,1.5631476842138234,0,99831.99
2024-12-08,88129.16760501018,0.8812916760501018,1.583152068393199,1,101109.59
2024-12-09,84788.14253577475,0.8478814253577475,1.5231339053643573,1,97276.47
2024-12-10,84192.41623342305,0.8419241623342305,1.5124322800864316,1,96593.0
2024-12-11,88142.59927329005,0.8814259927329005,1.58339335483669,1,101125.0
2024-12-12,88054.45667401676,0.8805445667401677,1.5658455203081458,0,100004.29
2024-12-13,88054.45667401676,0.8805445667401677,1.588078946544328,0,101424.25
2024-12-14,88054.45667401676,0.8805445667401677,1.5880124009645202,0,101420.0
2024-12-15,90606.59989714525,0.9060659989714525,1.635674537312499,1,104463.99
2024-12-16,90515.9932972481,0.905159932972481,1.6606435349012003,0,106058.66
2024-12-17,90515.9932972481,0.905159932972481,1.661819121285192,0,106133.74
2024-12-18,90515.9932972481,0.905159932972481,1.5689726928256045,0,100204.01
2024-12-19,87950.92341544852,0.8795092341544851,1.5260367018444878,1,97461.86
2024-12-20,87862.97249203306,0.8786297249203306,1.531416403093979,0,97805.44
2024-12-21,87862.97249203306,0.8786297249203306,1.5233769141640319,0,97291.99
2024-12-22,87862.97249203306,0.8786297249203306,1.4904060063257454,0,95186.27
2024-12-23,87862.97249203306,0.8786297249203306,1.4856335139197703,0,94881.47
2024-12-24,91273.94990918667,0.9127394990918668,1.5448529734130845,1,98663.58
2024-12-25,91982.59712338095,0.9198259712338095,1.5568471487176283,1,99429.6
2024-12-26,88617.07329209872,0.8861707329209872,1.4998841324022179,1,95791.6
2024-12-27,87236.29266954321,0.8723629266954321,1.4765137945072502,1,94299.03
2024-12-28,87149.05637687366,0.8714905637687366,1.4921867660413999,0,95300.0
2024-12-29,85635.11522340181,0.856351152234018,1.4677324397958231,1,93738.2
2024-12-30,85549.47098175182,0.8554947098175182,1.4529178279522759,0,92792.05
2024-12-31,85549.47098175182,0.8554947098175182,1.4651927473146908,0,93576.0
2025-01-01,85549.47098175182,0.8554947098175182,1.4810977672000758,0,94591.79
2025-01-02,87626.01232684824,0.8762601232684825,1.5185668430776949,1,96984.79
2025-01-03,87538.3863145214,0.875383863145214,1.5371900541759318,0,98174.18
2025-01-04,87538.3863145214,0.875383863145214,1.5379153227069187,0,98220.5
2025-01-05,87538.3863145214,0.875383863145214,1.5401561081013382,0,98363.61
2025-01-06,87538.3863145214,0.875383863145214,1.6007828891742095,0,102235.6
2025-01-07,82933.56575447891,0.8293356575447891,1.5180942911721425,1,96954.61
2025-01-08,82850.62364342349,0.8285062364342349,1.4884384492531246,0,95060.61
2025-01-09,82850.62364342349,0.8285062364342349,1.4491668493408083,0,92552.49
2025-01-10,82850.62364342349,0.8285062364342349,1.48320092067767,0,94726.11
2025-01-11,82850.62364342349,0.8285062364342349,1.4812261610246464,0,94599.99
2025-01-12,82850.62364342349,0.8285062364342349,1.480366078977861,0,94545.06
2025-01-13,82759.92039537578,0.8275992039537579,1.4802257852378429,1,94536.1
2025-01-14,84532.45994819995,0.8453245994819995,1.5119290389252507,1,96560.86
2025-01-15,84447.91874268677,0.8444791874268677,1.573565747032851,0,100497.35
2025-01-16,84447.91874268677,0.8444791874268677,1.56557949456675,0,99987.3
2025-01-17,87814.52691901494,0.8781452691901495,1.6296226474180324,1,104077.48
2025-01-18,87726.70396311472,0.8772670396311472,1.6371188112610788,0,104556.23
2025-01-19,87726.70396311472,0.8772670396311472,1.5866277831710154,0,101331.57
2025-01-20,88441.96029836126,0.8844196029836126,1.601165095669058,1,102260.01
2025-01-21,88353.50969797785,0.8835350969797785,1.6619769517427123,0,106143.82
2025-01-22,88353.50969797785,0.8835350969797785,1.6238164281464327,0,103706.66
2025-01-23,88353.50969797785,0.8835350969797785,1.6270056054864885,0,103910.34
2025-01-24,88353.50969797785,0.8835350969797785,1.6420395828766494,0,104870.5
2025-01-25,88353.50969797785,0.8835350969797785,1.640103497948832,0,104746.85
2025-01-26,88353.50969797785,0.8835350969797785,1.6068017411455249,0,102620.0
2025-01-27,88353.50969797785,0.8835350969797785,1.5983908495913333,0,102082.83
2025-01-28,88353.50969797785,0.8835350969797785,1.5866896314157781,0,101335.52
2025-01-29,88353.50969797785,0.8835350969797785,1.6242326120314423,0,103733.24
2025-01-30,88353.50969797785,0.8835350969797785,1.6397291203457252,0,104722.94
2025-01-31,88353.50969797785,0.8835350969797785,1.6038198728587993,0,102429.56
2025-02-01,88353.50969797785,0.8835350969797785,1.5757312184887118,0,100635.65
2025-02-02,88353.50969797785,0.8835350969797785,1.529774684495664,0,97700.59
2025-02-03,88353.50969797785,0.8835350969797785,1.5865800269313888,0,101328.52
2025-02-04,88353.50969797785,0.8835350969797785,1.530753922274764,0,97763.13
2025-02-05,88353.50969797785,0.8835350969797785,1.5127365108195292,0,96612.43
2025-02-06,88353.50969797785,0.8835350969797785,1.5118271067547688,0,96554.35
2025-02-07,88353.50969797785,0.8835350969797785,1.5110825791500966,0,96506.8
2025-02-08,88353.50969797785,0.8835350969797785,1.5101108571070692,0,96444.74
2025-02-09,88353.50969797785,0.8835350969797785,1.510392853787619,0,96462.75
2025-02-10,88353.50969797785,0.8835350969797785,1.5255506842451396,0,97430.82
2025-02-11,86768.0040302679,0.867680040302679,1.4996743181035304,1,95778.2
2025-02-12,88663.01190419406,0.8866301190419407,1.5324271130178824,1,97869.99
2025-02-13,88574.35794249501,0.8857435794249502,1.5126693389283825,0,96608.14
2025-02-14,88574.35794249501,0.8857435794249502,1.5266414054426467,0,97500.48
2025-02-15,88548.57642407644,0.8854857642407644,1.5277246109040818,1,97569.66
2025-02-16,88460.03691399818,0.8846003691399817,1.5049967118654697,0,96118.12
2025-02-17,88460.03691399818,0.8846003691399817,1.4997025021138022,0,95780.0
2025-02-18,88460.03691399818,0.8846003691399817,1.498007390473806,0,95671.74
2025-02-19,88460.03691399818,0.8846003691399817,1.5132366204240142,0,96644.37
2025-02-20,88460.03691399818,0.8846003691399817,1.5392384054113315,0,98305.0
2025-02-21,88460.03691399818,0.8846003691399817,1.505996617918769,0,96181.98
2025-02-22,88460.03691399818,0.8846003691399817,1.5117748097579322,0,96551.01
2025-02-23,88460.03691399818,0.8846003691399817,1.5071869226192356,0,96258.0
2025-02-24,88460.03691399818,0.8846003691399817,1.4335151723921977,0,91552.88
2025-02-25,88460.03691399818,0.8846003691399817,1.3885385024895889,0,88680.4
2025-02-26,88460.03691399818,0.8846003691399817,1.3191696677418356,0,84250.09
2025-02-27,88460.03691399818,0.8846003691399817,1.3263486048914928,0,84708.58
2025-02-28,88460.03691399818,0.8846003691399817,1.32073309742273,0,84349.94
2025-03-01,88460.03691399818,0.8846003691399817,1.3475797764068531,0,86064.53
2025-03-02,88460.03691399818,0.8846003691399817,1.4760592490527056,0,94270.0
2025-03-03,88460.03691399818,0.8846003691399817,1.3500236432530623,0,86220.61
2025-03-04,88460.03691399818,0.8846003691399817,1.3666423449096559,0,87281.98
2025-03-05,88460.03691399818,0.8846003691399817,1.4186892869445415,0,90606.01
2025-03-06,88460.03691399818,0.8846003691399817,1.408134061942193,0,89931.89
2025-03-07,88460.03691399818,0.8846003691399817,1.359123007547053,0,86801.75
2025-03-08,87781.8102345131,0.877818102345131,1.3500524535746734,1,86222.45
2025-03-09,87694.03859495091,0.8769403859495091,1.2641212851908696,0,80734.37
2025-03-10,87694.03859495091,0.8769403859495091,1.2306369586321373,0,78595.86
2025-03-11,87694.03859495091,0.8769403859495091,1.2985468011148356,0,82932.99
2025-03-12,88395.57605769685,0.8839557605769685,1.3102452008893635,1,83680.12
2025-03-13,88307.18048163915,0.8830718048163915,1.270093320389567,0,81115.78
2025-03-14,88307.18048163915,0.8830718048163915,1.3149907619077459,0,83983.2
2025-03-15,88307.18048163915,0.8830718048163915,1.3205530329126625,0,84338.44
2025-03-16,88307.18048163915,0.8830718048163915,1.2929341120471,0,82574.53
2025-03-17,88307.18048163915,0.8830718048163915,1.315410860238626,0,84010.03
2025-03-18,88307.18048163915,0.8830718048163915,1.295134030626626,0,82715.03
2025-03-19,88307.18048163915,0.8830718048163915,1.3598149249992186,0,86845.94
2025-03-20,88307.18048163915,0.8830718048163915,1.3187516049228087,0,84223.39
2025-03-21,88307.18048163915,0.8830718048163915,1.3166440672658393,0,84088.79
2025-03-22,88307.18048163915,0.8830718048163915,1.3127578054050684,0,83840.59
2025-03-23,88307.18048163915,0.8830718048163915,1.347861146776064,0,86082.5
2025-03-24,89669.66678621565,0.8966966678621565,1.3700272445432642,1,87498.16
2025-03-25,89561.76372612933,0.8956176372612933,1.3683786365202157,1,87392.87
2025-03-26,89472.21220033246,0.8947221220033246,1.3608049666489228,0,86909.17
2025-03-27,89472.21220033246,0.8947221220033246,1.3658599254689523,0,87232.01
2025-03-28,89472.21220033246,0.8947221220033246,1.3218986628252922,0,84424.38
2025-03-29,89472.21220033246,0.8947221220033246,1.2940929446027636,0,82648.54
2025-03-30,89472.21220033246,0.8947221220033246,1.2900446246829316,0,82389.99
2025-03-31,89472.21220033246,0.8947221220033246,1.2925501831960682,0,82550.01
2025-04-01,92206.97470673473,0.9220697470673473,1.3333908495913334,1,85158.34
2025-04-02,92114.77854890957,0.9211477854890957,1.292022202736982,0,82516.29
2025-04-03,92114.77854890957,0.9211477854890957,1.3029325462687518,0,83213.09
2025-04-04,92114.77854890957,0.9211477854890957,1.3135294209751682,0,83889.87
2025-04-05,92114.77854890957,0.9211477854890957,1.3080197601227586,0,83537.99
2025-04-06,92114.77854890957,0.9211477854890957,1.228039958663453,0,78430.0
2025-04-07,92114.77854890957,0.9211477854890957,1.2395208718253858,0,79163.24
2025-04-08,92114.77854890957,0.9211477854890957,1.195039927347886,0,76322.42
2025-04-09,92114.77854890957,0.9211477854890957,1.293571227257071,0,82615.22
2025-04-10,92114.77854890957,0.9211477854890957,1.2464738671593663,0,79607.3
2025-04-11,92114.77854890957,0.9211477854890957,1.3062324241380403,0,83423.84
2025-04-12,92114.77854890957,0.9211477854890957,1.3352472364012165,0,85276.9
2025-04-13,92114.77854890957,0.9211477854890957,1.311495944634079,0,83760.0
2025-04-14,92114.77854890957,0.9211477854890957,1.3245166442238452,0,84591.58
2025-04-15,90991.83119858276,0.9099183119858276,1.3096794851720805,1,83643.99
2025-04-16,90900.83936738418,0.9090083936738418,1.315729496132529,0,84030.38
2025-04-17,90900.83936738418,0.9090083936738418,1.3300959822127594,0,84947.91
2025-04-18,90900.83936738418,0.9090083936738418,1.3226864059123804,0,84474.69
2025-04-19,90900.83936738418,0.9090083936738418,1.3321174020605655,0,85077.01
2025-04-20,90900.83936738418,0.9090083936738418,1.3337180972661522,0,85179.24
2025-04-21,90900.83936738418,0.9090083936738418,1.3703101806908224,0,87516.23
2025-04-22,96959.76560429698,0.9695976560429698,1.4631101055334619,1,93442.99
2025-04-23,96862.80583869269,0.9686280583869269,1.4669946450380495,0,93691.08
2025-04-24,97064.84093116711,0.9706484093116712,1.4715258510005333,1,93980.47
2025-04-25,97744.65290645626,0.9774465290645626,1.4818319606676487,1,94638.68
2025-04-26,97646.9082535498,0.976469082535498,1.4816647355400379,0,94628.0
2025-04-27,97646.9082535498,0.976469082535498,1.4679062411924977,0,93749.3
2025-04-28,97646.9082535498,0.976469082535498,1.487664485015502,0,95011.18
2025-04-29,97646.9082535498,0.976469082535498,1.4758528794663839,0,94256.82
2025-04-30,97646.9082535498,0.976469082535498,1.4745247862712565,0,94172.0
2025-05-01,97646.9082535498,0.976469082535498,1.510818119187049,0,96489.91
2025-05-02,97646.9082535498,0.976469082535498,1.5170378605204655,0,96887.14
2025-05-03,97646.9082535498,0.976469082535498,1.5008990699276619,0,95856.42
2025-05-04,97646.9082535498,0.976469082535498,1.4761785613628542,0,94277.62
2025-05-05,97646.9082535498,0.976469082535498,1.4833194500986449,0,94733.68
2025-05-06,97646.9082535498,0.976469082535498,1.5162061190617868,0,96834.02
2025-05-07,97646.9082535498,0.976469082535498,1.5192825603607567,0,97030.5
2025-05-08,97646.9082535498,0.976469082535498,1.6168477750289685,0,103261.6
2025-05-09,97646.9082535498,0.976469082535498,1.612313124354118,0,102971.99
2025-05-10,97646.9082535498,0.976469082535498,1.6410849278176196,0,104809.53
2025-05-11,97646.9082535498,0.976469082535498,1.6302571008048117,0,104118.0
2025-05-12,96306.2807459611,0.963062807459611,1.609484232612033,1,102791.32
2025-05-13,96209.97446521514,0.9620997446521514,1.6300335076566579,0,104103.72
2025-05-14,96209.97446521514,0.9620997446521514,1.620703034478441,0,103507.82
2025-05-15,96209.97446521514,0.9620997446521514,1.6247097046942052,0,103763.71
2025-05-16,96209.97446521514,0.9620997446521514,1.6200153446278158,0,103463.9
2025-05-17,96209.97446521514,0.9620997446521514,1.6147347571477795,0,103126.65
2025-05-18,96209.97446521514,0.9620997446521514,1.6668377540475383,0,106454.26
2025-05-19,96209.97446521514,0.9620997446521514,1.6530507625340571,0,105573.74
2025-05-20,96209.97446521514,0.9620997446521514,1.6730340087057292,0,106849.99
2025-05-21,96209.97446521514,0.9620997446521514,1.7167818557605001,0,109643.99
2025-05-22,97912.73760148045,0.9791273760148045,1.7489150721823836,1,111696.21
2025-05-23,97814.83362109865,0.9781483362109864,1.6803667052892008,0,107318.3
2025-05-24,97814.83362109865,0.9781483362109864,1.6873126546206134,0,107761.91
2025-05-25,97814.83362109865,0.9781483362109864,1.706764005887328,0,109004.19
2025-05-26,97814.83362109865,0.9781483362109864,1.7135062474556113,0,109434.79
2025-05-27,97814.83362109865,0.9781483362109864,1.7057302790217028,0,108938.17
2025-05-28,97814.83362109865,0.9781483362109864,1.6876237747784435,0,107781.78
2025-05-29,97814.83362109865,0.9781483362109864,1.6533014436476385,0,105589.75
2025-05-30,97814.83362109865,0.9781483362109864,1.6281821313374891,0,103985.48
2025-05-31,97814.83362109865,0.9781483362109864,1.6376770112422898,0,104591.88
2025-06-01,97814.83362109865,0.9781483362109864,1.6541341245733265,0,105642.93
2025-06-02,97814.83362109865,0.9781483362109864,1.6575014874894323,0,105857.99
2025-06-03,97272.90842351031,0.9727290842351031,1.6499685278551979,1,105376.89
2025-06-04,96645.17594900628,0.9664517594900628,1.6393207653524577,1,104696.86
2025-06-05,93702.18208025889,0.9370218208025889,1.5894009332038965,1,101508.68
2025-06-06,93608.48911990036,0.9360848911990036,1.632925813421853,0,104288.44
2025-06-07,94648.05163499186,0.9464805163499186,1.6527127109886333,1,105552.15
2025-06-08,94811.11556301061,0.9481111556301061,1.6555600789152296,1,105734.0
2025-06-09,98872.26371409906,0.9887226371409905,1.7264744934707053,1,110263.02
2025-06-10,98773.39145038495,0.9877339145038495,1.7266525224689202,0,110274.39
2025-06-11,98773.39145038495,0.9877339145038495,1.7011417655716665,0,108645.12
2025-06-12,98773.39145038495,0.9877339145038495,1.6545850687376704,0,105671.73
2025-06-13,98773.39145038495,0.9877339145038495,1.66076770112423,0,106066.59
2025-06-14,98773.39145038495,0.9877339145038495,1.6505596091817254,0,105414.64
2025-06-15,98773.39145038495,0.9877339145038495,1.653368145805281,0,105594.01
2025-06-16,98773.39145038495,0.9877339145038495,1.6721656280336967,0,106794.53
2025-06-17,98773.39145038495,0.9877339145038495,1.637039582876649,0,104551.17
2025-06-18,98773.39145038495,0.9877339145038495,1.6422944915917714,0,104886.78
2025-06-19,98773.39145038495,0.9877339145038495,1.6387215419785186,0,104658.59
2025-06-20,98773.39145038495,0.9877339145038495,1.617417561769957,0,103297.99
2025-06-21,98773.39145038495,0.9877339145038495,1.5989730059812743,0,102120.01
2025-06-22,98773.39145038495,0.9877339145038495,1.5808704161838862,0,100963.87
2025-06-23,98773.39145038495,0.9877339145038495,1.6492958694767181,0,105333.93
2025-06-24,98773.39145038495,0.9877339145038495,1.6610246453512054,0,106083.0
2025-06-25,98773.39145038495,0.9877339145038495,1.680715560705228,0,107340.58
2025-06-26,98773.39145038495,0.9877339145038495,1.6745539097485374,0,106947.06
2025-06-27,98773.39145038495,0.9877339145038495,1.676127986722201,0,107047.59
2025-06-28,98773.39145038495,0.9877339145038495,1.680029906366456,0,107296.79
2025-06-29,98773.39145038495,0.9877339145038495,1.696629348949364,0,108356.93
2025-06-30,98773.39145038495,0.9877339145038495,1.6776766980866202,0,107146.5
2025-07-01,98773.39145038495,0.9877339145038495,1.654732408480257,0,105681.14
2025-07-02,98773.39145038495,0.9877339145038495,1.7043434691385102,0,108849.6
2025-07-03,98773.39145038495,0.9877339145038495,1.7158547584004022,0,109584.78
2025-07-04,98773.39145038495,0.9877339145038495,1.690793849622649,0,107984.24
2025-07-05,98773.39145038495,0.9877339145038495,1.6941427363542432,0,108198.12
2025-07-06,98773.39145038495,0.9877339145038495,1.7098900823599428,0,109203.84
2025-07-07,98773.39145038495,0.9877339145038495,1.6951576738796872,0,108262.94
2025-07-08,98773.39145038495,0.9877339145038495,1.7054924372905789,0,108922.98
2025-07-09,98773.39145038495,0.9877339145038495,1.741677731500331,0,111233.99
2025-07-10,102911.36200277791,1.029113620027779,1.8164594619985615,1,116010.0
2025-07-11,102808.45950280863,1.0280845950280864,1.8402226536811472,0,117527.66
2025-07-12,102808.45950280863,1.0280845950280864,1.8385369367112414,0,117420.0
2025-07-13,102808.45950280863,1.0280845950280864,1.8646328249772985,0,119086.64
2025-07-14,102808.45950280863,1.0280845950280864,1.876447248927444,0,119841.18
2025-07-15,102808.45950280863,1.0280845950280864,1.8438306767294044,0,117758.09
2025-07-16,102808.45950280863,1.0280845950280864,1.8574895875739854,0,118630.43
2025-07-17,102808.45950280863,1.0280845950280864,1.8660564306516794,0,119177.56
2025-07-18,102808.45950280863,1.0280845950280864,1.84644161212539,0,117924.84
2025-07-19,102808.45950280863,1.0280845950280864,1.845113205774593,0,117840.0
2025-07-20,102808.45950280863,1.0280845950280864,1.8361118592052132,0,117265.12
2025-07-21,102808.45950280863,1.0280845950280864,1.8379162621739291,0,117380.36
2025-07-22,102808.45950280863,1.0280845950280864,1.8782203363291916,0,119954.42
2025-07-23,102808.45950280863,1.0280845950280864,1.8594555788682579,0,118755.99
2025-07-24,102808.45950280863,1.0280845950280864,1.8529575987223272,0,118340.99
2025-07-25,102808.45950280863,1.0280845950280864,1.8415794006200505,0,117614.31
2025-07-26,102972.58338692047,1.0297258338692046,1.8463656718754917,1,117919.99
2025-07-27,102869.61080353355,1.0286961080353354,1.869782826543077,0,119415.55
2025-07-28,102869.61080353355,1.0286961080353354,1.8485942441987935,0,118062.32
2025-07-29,102869.61080353355,1.0286961080353354,1.8468474618732993,0,117950.76
2025-07-30,102869.61080353355,1.0286961080353354,1.845117903109638,0,117840.3
2025-07-31,102869.61080353355,1.0286961080353354,1.8126088998841348,0,115764.08
2025-08-01,102869.61080353355,1.0286961080353354,1.7739944571446489,0,113297.93
2025-08-02,102869.61080353355,1.0286961080353354,1.7622263802336164,0,112546.35
2025-08-03,102869.61080353355,1.0286961080353354,1.788256662386875,0,114208.8
2025-08-04,102869.61080353355,1.0286961080353354,1.801506748504684,0,115055.03
2025-08-05,101940.28440687015,1.0194028440687015,1.787018914602451,1,114129.75
2025-08-06,101838.34412246328,1.0183834412246329,1.8005240660132176,0,114992.27
2025-08-07,103930.39309649519,1.0393039309649519,1.839351298030253,1,117472.01
2025-08-08,103826.47154179882,1.0382647154179883,1.8268678169918289,0,116674.74
2025-08-09,103826.47154179882,1.0382647154179883,1.8235406945792776,0,116462.25
2025-08-10,103826.47154179882,1.0382647154179883,1.8678797795384108,0,119294.01
2025-08-11,103826.47154179882,1.0382647154179883,1.8583596906022006,0,118686.0
2025-08-12,103826.47154179882,1.0382647154179883,1.8810334137099578,0,120134.08
2025-08-13,103826.47154179882,1.0382647154179883,1.9307053831459644,0,123306.43
2025-08-14,99507.20849311771,0.995072084931177,1.8522389064604041,1,118295.09
2025-08-15,99407.70128462459,0.9940770128462459,1.8373164124886507,0,117342.05
2025-08-16,99407.70128462459,0.9940770128462459,1.8379209595089745,0,117380.66
2025-08-17,99407.70128462459,0.9940770128462459,1.8383022265368139,0,117405.01
2025-08-18,99407.70128462459,0.9940770128462459,1.819857983903801,0,116227.05
2025-08-19,96442.42939259594,0.9644242939259594,1.7673400557417116,1,112872.94
2025-08-20,97637.18385739207,0.9763718385739207,1.7892343343876267,1,114271.24
2025-08-21,97539.5381377433,0.975395381377433,1.7615006419691253,0,112500.0
2025-08-22,97539.5381377433,0.975395381377433,1.8309584129270686,0,116935.99
2025-08-23,97539.5381377433,0.975395381377433,1.807503992734791,0,115438.05
2025-08-24,95800.65914001159,0.9580065914001159,1.7770580590611615,1,113493.59
2025-08-25,92946.22069151019,0.9294622069151018,1.7241095418532575,1,110111.98
2025-08-26,94340.0428483241,0.943400428483241,1.7499643002536587,1,111763.22
2025-08-27,94245.70280547577,0.9424570280547577,1.7421164625935577,0,111262.01
2025-08-28,94245.70280547577,0.9424570280547577,1.7625481476842164,0,112566.9
2025-08-29,90647.34062143436,0.9064734062143436,1.6969498637772862,1,108377.4
2025-08-30,90556.69328081292,0.9055669328081292,1.703822534681993,0,108816.33
2025-08-31,90556.69328081292,0.9055669328081292,1.694897911251686,0,108246.35
2025-09-01,90556.69328081292,0.9055669328081292,1.7104158707293424,0,109237.42
2025-09-02,90556.69328081292,0.9055669328081292,1.7417719913569063,0,111240.01
2025-09-03,90556.69328081292,0.9055669328081292,1.7490638211254843,0,111705.71
2025-09-04,90556.69328081292,0.9055669328081292,1.733799987473776,0,110730.87
2025-09-05,90556.69328081292,0.9055669328081292,1.7326901637804182,0,110659.99
2025-09-06,90556.69328081292,0.9055669328081292,1.7252993768202203,0,110187.97
2025-09-07,90556.69328081292,0.9055669328081292,1.740164406726587,0,111137.34
2025-09-08,90556.69328081292,0.9055669328081292,1.7546931074437133,0,112065.23
2025-09-09,90556.69328081292,0.9055669328081292,1.7465692230607868,0,111546.39
2025-09-10,92423.62616801332,0.9242362616801332,1.7843610058560142,1,113960.0
2025-09-11,92331.2025418453,0.923312025418453,1.808202956189525,0,115482.69
2025-09-12,92331.2025418453,0.923312025418453,1.816763536153825,0,116029.42
2025-09-13,92150.53525810453,0.9215053525810453,1.8150234866752293,1,115918.29
2025-09-14,91633.58793195228,0.9163358793195228,1.804841543231143,1,115268.01
2025-09-15,91698.53625659189,0.9169853625659189,1.8061207841417999,1,115349.71
2025-09-16,91606.8377203353,0.916068377203353,1.8286562490213916,0,116788.96
2025-09-17,91606.8377203353,0.916068377203353,1.8233111514734004,0,116447.59
2025-09-18,91606.8377203353,0.916068377203353,1.8331119844674817,0,117073.53
2025-09-19,91606.8377203353,0.916068377203353,1.8105467697992703,0,115632.38
2025-09-20,91606.8377203353,0.916068377203353,1.8113805467698025,0,115685.63
2025-09-21,91606.8377203353,0.916068377203353,1.8042822472050888,0,115232.29
2025-09-22,91606.8377203353,0.916068377203353,1.7638648106974009,0,112650.99
2025-09-23,91606.8377203353,0.916068377203353,1.7536529608868598,0,111998.8
2025-09-24,92584.1729162853,0.925841729162853,1.7741364732408509,1,113307.0
2025-09-25,92491.59690628822,0.9249159690628822,1.706612125387533,0,108994.49
2025-09-26,92491.59690628822,0.9249159690628822,1.716773557135255,0,109643.46
2025-09-27,92491.59690628822,0.9249159690628822,1.7166544014029403,0,109635.85
2025-09-28,92491.59690628822,0.9249159690628822,1.7562388438292704,0,112163.95
2025-09-29,94168.59773996795,0.9416859773996795,1.7898719193311028,1,114311.96
2025-09-30,93951.91729582593,0.9395191729582593,1.7857534525412613,1,114048.93
2025-10-01,93857.97360815272,0.9385797360815272,1.8569346757273075,0,118594.99
2025-10-02,93857.97360815272,0.9385797360815272,1.8872224657877466,0,120529.35
2025-10-03,95088.66829732053,0.9508866829732053,1.9138821908370685,1,122232.0
2025-10-04,94993.74283220833,0.9499374283220833,1.9163717784110512,0,122391.0
2025-10-05,94993.74283220833,0.9499374283220833,1.9334592741051606,0,123482.31
2025-10-06,94993.74283220833,0.9499374283220833,1.951876428772746,0,124658.54
2025-10-07,94993.74283220833,0.9499374283220833,1.899805060595625,0,121332.95
2025-10-08,94993.74283220833,0.9499374283220833,1.9306986502990666,0,123306.0
2025-10-09,94993.74283220833,0.9499374283220833,1.9049635173644848,0,121662.4
2025-10-10,94993.74283220833,0.9499374283220833,1.7657987035355303,0,112774.5
2025-10-11,94993.74283220833,0.9499374283220833,1.7324460589358996,0,110644.4
2025-10-12,94993.74283220833,0.9499374283220833,1.800000000000003,0,114958.8
2025-10-13,94993.74283220833,0.9499374283220833,1.8032442927379229,0,115166.0
2025-10-14,93137.1159708497,0.931371159708497,1.7697701437384552,1,113028.14
2025-10-15,91270.83268530914,0.9127083268530914,1.734307456236498,1,110763.28
2025-10-16,91179.56185262384,0.9117956185262384,1.6940826104656652,0,108194.28
2025-10-17,89604.46385644109,0.8960446385644109,1.666484201296467,1,106431.68
2025-10-18,89514.85939258465,0.8951485939258466,1.6782796793285966,0,107185.01
2025-10-19,89514.85939258465,0.8951485939258466,1.7011051263583152,0,108642.78
2025-10-20,89514.85939258465,0.8951485939258466,1.7306875332727925,0,110532.09
2025-10-21,89514.85939258465,0.8951485939258466,1.6957014687000933,0,108297.67
2025-10-22,88822.37513306811,0.8882237513306811,1.6842676854664478,1,107567.44
2025-10-23,88733.56100704396,0.8873356100704396,1.7235803087714927,0,110078.18
2025-10-24,88733.56100704396,0.8873356100704396,1.738090533304108,0,111004.89
2025-10-25,89157.00423263882,0.8915700423263883,1.748133122475185,1,111646.27
2025-10-26,89067.84722840619,0.8906784722840618,1.7937462812764249,0,114559.4
2025-10-27,89067.84722840619,0.8906784722840618,1.7866728775874512,0,114107.65
2025-10-28,89067.84722840619,0.8906784722840618,1.767739485798393,0,112898.45
2025-10-29,89067.84722840619,0.8906784722840618,1.7226895374690785,0,110021.29
2025-10-30,89067.84722840619,0.8906784722840618,1.6960962014217296,0,108322.88
2025-10-31,89067.84722840619,0.8906784722840618,1.716218488710741,0,109608.01
2025-11-01,89376.62995785482,0.8937662995785483,1.723892211818498,1,110098.1
2025-11-02,89287.25332789696,0.8928725332789696,1.7308220336329216,0,110540.68
2025-11-03,89287.25332789696,0.8928725332789696,1.668854163404631,0,106583.04
2025-11-04,84941.70120129864,0.8494170120129864,1.5892214950051697,1,101497.22
2025-11-05,86940.13707931213,0.8694013707931213,1.6266113424983588,1,103885.16
2025-11-06,84815.18062873898,0.8481518062873897,1.5868543512980329,1,101346.04
2025-11-07,84730.36544811024,0.8473036544811025,1.6180609400933235,0,103339.08
2025-11-08,84730.36544811024,0.8473036544811025,1.6019938621488772,0,102312.94
2025-11-09,84730.36544811024,0.8473036544811025,1.6397294335013968,0,104722.96
2025-11-10,84730.36544811024,0.8473036544811025,1.6598993204522001,0,106011.13
2025-11-11,84730.36544811024,0.8473036544811025,1.6136753515172424,0,103058.99
2025-11-12,83491.96778134775,0.8349196778134774,1.5916821156797072,1,101654.37
2025-11-13,83408.4758135664,0.834084758135664,1.5609560642595464,0,99692.02
2025-11-14,83408.4758135664,0.834084758135664,1.481132370901578,0,94594.0
2025-11-15,83408.4758135664,0.834084758135664,1.4968252278207526,0,95596.24
2025-11-16,83408.4758135664,0.834084758135664,1.4759252184260825,0,94261.44
2025-11-17,83408.4758135664,0.834084758135664,1.4438846960824252,0,92215.14
2025-11-18,83408.4758135664,0.834084758135664,1.455560548648736,0,92960.83
2025-11-19,83408.4758135664,0.834084758135664,1.433547740581846,0,91554.96
2025-11-20,83408.4758135664,0.834084758135664,1.3565469890082384,0,86637.23
2025-11-21,83408.4758135664,0.834084758135664,1.332938183070807,0,85129.43
2025-11-22,83408.4758135664,0.834084758135664,1.3268365014248609,0,84739.74
2025-11-23,83408.4758135664,0.834084758135664,1.359565339930482,0,86830.0
2025-11-24,83408.4758135664,0.834084758135664,1.3825824382300465,0,88300.01
2025-11-25,83408.4758135664,0.834084758135664,1.3680199167005944,0,87369.96
2025-11-26,83408.4758135664,0.834084758135664,1.416779193937309,0,90484.02
2025-11-27,83408.4758135664,0.834084758135664,1.4300872138540093,0,91333.95
2025-11-28,83408.4758135664,0.834084758135664,1.423146901324651,0,90890.7
2025-11-29,83408.4758135664,0.834084758135664,1.4217649453543382,0,90802.44
2025-11-30,83408.4758135664,0.834084758135664,1.414837315629602,0,90360.0
2025-12-01,83408.4758135664,0.834084758135664,1.351047662292928,0,86286.01
2025-12-02,83408.4758135664,0.834084758135664,1.4292092819340518,0,91277.88
2025-12-03,85289.63287833678,0.8528963287833677,1.4629059280368293,1,93429.95
2025-12-04,85204.34324545844,0.8520434324545844,1.4417383271224147,0,92078.06
2025-12-05,85204.34324545844,0.8520434324545844,1.3987104249522457,0,89330.04
2025-12-06,85204.34324545844,0.8520434324545844,1.3972503366423468,0,89236.79
2025-12-07,85204.34324545844,0.8520434324545844,1.4153901919644274,0,90395.31
2025-12-08,85204.34324545844,0.8520434324545844,1.4191328719506486,0,90634.34
2025-12-09,85204.34324545844,0.8520434324545844,1.451144583972695,0,92678.8
2025-12-10,85204.34324545844,0.8520434324545844,1.440756740675792,0,92015.37
2025-12-11,85204.34324545844,0.8520434324545844,1.4485544734287437,0,92513.38
2025-12-12,85204.34324545844,0.8520434324545844,1.4134033758181213,0,90268.42
2025-12-13,85204.34324545844,0.8520434324545844,1.412958538189336,0,90240.01
2025-12-14,85204.34324545844,0.8520434324545844,1.38058074718943,0,88172.17
2025-12-15,83439.31035745506,0.8343931035745507,1.3533347947264607,1,86432.08
2025-12-16,84821.08923500885,0.8482108923500885,1.3757464065386926,1,87863.42
2025-12-17,83256.98976359559,0.8325698976359559,1.3503776657376403,1,86243.22
2025-12-18,82555.34605490662,0.8255534605490662,1.3389974321235107,1,85516.41
2025-12-19,85085.13841870282,0.8508513841870282,1.3800291234772826,1,88136.94
2025-12-20,85000.06292437355,0.8500006292437354,1.3835358406663971,0,88360.9
2025-12-21,85000.06292437355,0.8500006292437354,1.3882012338333407,0,88658.86
2025-12-22,85000.06292437355,0.8500006292437354,1.3876051420160982,0,88620.79
2025-12-23,83827.7247302438,0.838277247302438,1.369836845896097,1,87486.0
2025-12-24,84003.50366746534,0.8400350366746534,1.3727092662762679,1,87669.45
2025-12-25,83577.89729878145,0.8357789729878145,1.3657543920082693,1,87225.27
2025-12-26,83716.15373296893,0.8371615373296893,1.3680136535872,1,87369.56
2025-12-27,84202.38443175916,0.8420238443175916,1.3759591958162423,1,87877.01
2025-12-28,84274.91899457012,0.8427491899457012,1.377144490025994,1,87952.71
2025-12-29,83589.26136634998,0.8358926136634998,1.3659400933203916,1,87237.13
2025-12-30,83505.67210498363,0.8350567210498363,1.3854866439106899,0,88485.49
2025-12-31,82632.7974231435,0.8263279742314349,1.372376851532899,1,87648.22
2026-01-01,82550.15520736999,0.8255015520736999,1.391022453261518,0,88839.04
2026-01-02,82550.15520736999,0.8255015520736999,1.4091242601697325,0,89995.13
2026-01-03,83047.5394042772,0.8304753940427719,1.4190337581811938,1,90628.01
2026-01-04,82964.49186487292,0.8296449186487292,1.4331526947045394,0,91529.73
2026-01-05,84991.34951751854,0.8499134951751853,1.469635017066986,1,93859.71
2026-01-06,84906.35816800102,0.8490635816800103,1.4678854163404649,0,93747.97
2026-01-07,84906.35816800102,0.8490635816800103,1.4305602354930658,0,91364.16
2026-01-08,84906.35816800102,0.8490635816800103,1.4264239188300525,0,91099.99
2026-01-09,84906.35816800102,0.8490635816800103,1.419241536968029,0,90641.28
2026-01-10,84906.35816800102,0.8490635816800103,1.4171029968997608,0,90504.7
2026-01-11,84906.35816800102,0.8490635816800103,1.425072025804029,0,91013.65
2026-01-12,84906.35816800102,0.8490635816800103,1.4294961325274813,0,91296.2
2026-01-13,84906.35816800102,0.8490635816800103,1.4939717533585966,0,95414.0
2026-01-14,84906.35816800102,0.8490635816800103,1.5180499796448834,0,96951.78
2026-01-15,84906.35816800102,0.8490635816800103,1.496959258447376,0,95604.8
2026-01-16,84906.35816800102,0.8490635816800103,1.4961159302289186,0,95550.94
2026-01-17,84463.55407773149,0.8446355407773148,1.489803181661606,1,95147.77
2026-01-18,83154.5114091577,0.8315451140915769,1.4667137444023444,1,93673.14
2026-01-19,83071.35689774854,0.8307135689774854,1.4503961419221516,0,92631.0
2026-01-20,79222.51395336776,0.7922251395336776,1.3845811542918005,1,88427.66
2026-01-21,80142.66797990295,0.8014266797990295,1.4006627939748868,1,89454.73
2026-01-22,80236.6839316342,0.8023668393163419,1.4023059217737155,1,89559.67
2026-01-23,80156.45619776314,0.8015645619776314,1.4029414712053379,0,89600.26
2026-01-24,79741.23144713066,0.7974123144713066,1.397071055021453,1,89225.34
2026-01-25,79661.49021568353,0.7966149021568353,1.3570657313750683,0,86670.36
2026-01-26,79661.49021568353,0.7966149021568353,1.3833194500986459,0,88347.08
2026-01-27,79661.49021568353,0.7966149021568353,1.3974571759621728,0,89250.0
2026-01-28,79661.49021568353,0.7966149021568353,1.3982399085585466,0,89299.99
2026-01-29,79661.49021568353,0.7966149021568353,1.3254338771803484,0,84650.16
2026-01-30,79661.49021568353,0.7966149021568353,1.319332508690072,0,84260.49
2026-01-31,74368.89097544695,0.7436889097544694,1.2329109385275439,1,78741.09
2026-02-01,74294.53151976407,0.7429453151976407,1.2051515673441286,0,76968.21
2026-02-02,74294.53151976407,0.7429453151976407,1.232872107224503,0,78738.61
2026-02-03,74294.53151976407,0.7429453151976407,1.186393542730093,0,75770.21
2026-02-04,74294.53151976407,0.7429453151976407,1.14561472457959,0,73165.83
2026-02-05,74294.53151976407,0.7429453151976407,0.985028966899447,0,62909.86
2026-02-06,74294.53151976407,0.7429453151976407,1.1051304293364244,0,70580.26
2026-02-07,74294.53151976407,0.7429453151976407,1.0849181097923792,0,69289.38
2026-02-08,74294.53151976407,0.7429453151976407,1.1012178623994002,0,70330.38
2026-02-09,74294.53151976407,0.7429453151976407,1.0982056180127155,0,70138.0
2026-02-10,74294.53151976407,0.7429453151976407,1.0779020135909574,0,68841.29
2026-02-11,74294.53151976407,0.7429453151976407,1.0503635737325039,0,67082.52
2026-02-12,74294.53151976407,0.7429453151976407,1.0376752888861067,0,66272.17
2026-02-13,74294.53151976407,0.7429453151976407,1.0781003977077022,0,68853.96
2026-02-14,74294.53151976407,0.7429453151976407,1.0932726333260279,0,69822.95
2026-02-15,74294.53151976407,0.7429453151976407,1.0777656342968105,0,68832.58
2026-02-16,74294.53151976407,0.7429453151976407,1.078702752638338,0,68892.43
2026-02-17,74294.53151976407,0.7429453151976407,1.0569555005793396,0,67503.52
2026-02-18,74294.53151976407,0.7429453151976407,1.0406319481414226,0,66461.0
2026-02-19,74826.33002356773,0.7482633002356773,1.049129896971786,1,67003.73
2026-02-20,74751.50369354416,0.7475150369354416,1.0650425891710782,0,68020.01
2026-02-21,74628.3692955694,0.746283692955694,1.0643523940750959,1,67975.93
2026-02-22,74263.29636987562,0.7426329636987562,1.0591457113331049,1,67643.4
2026-02-23,70983.55752899183,0.7098355752899184,1.0123699621081652,1,64656.02
2026-02-24,70327.17720215052,0.7032717720215051,1.0030086430964846,1,64058.15
2026-02-25,74641.6644362489,0.746416644362489,1.0645420098330893,1,67988.04
2026-02-26,74089.59222798386,0.7408959222798386,1.0566683368302396,1,67485.18
2026-02-27,72318.64874926578,0.7231864874926578,1.0314110794475948,1,65872.1
2026-02-28,73527.57336616339,0.7352757336616339,1.0486528043090233,1,66973.26
